{"theta0": 6331.833333333325, "theta1": -1106.0198809926267, "X_mean": 101066.25, "X_std": 51565.1899106445}